mean_fit_time,std_fit_time,mean_score_time,std_score_time,param_model__colsample_bytree,param_model__learning_rate,param_model__max_depth,param_model__min_child_weight,param_model__n_estimators,param_model__reg_lambda,param_model__subsample,params,split0_test_score,split1_test_score,split2_test_score,mean_test_score,std_test_score,rank_test_score,split0_train_score,split1_train_score,split2_train_score,mean_train_score,std_train_score
0.48966169357299805,0.07916228691583001,0.019418716430664062,0.0036930264765931867,0.8,0.03,3,1,400,1.0,1.0,"{'model__colsample_bytree': 0.8, 'model__learning_rate': 0.03, 'model__max_depth': 3, 'model__min_child_weight': 1, 'model__n_estimators': 400, 'model__reg_lambda': 1.0, 'model__subsample': 1.0}",0.5523473006223766,0.5766127399377571,0.8255291042885649,0.6514963816162328,0.12345780468605652,1,1.0,1.0,0.9999999999999999,1.0,6.409875621278546e-17
0.33094334602355957,0.03380386493313376,0.05144031842549642,0.0235516849671579,0.8,0.07,3,1,200,1.0,1.0,"{'model__colsample_bytree': 0.8, 'model__learning_rate': 0.07, 'model__max_depth': 3, 'model__min_child_weight': 1, 'model__n_estimators': 200, 'model__reg_lambda': 1.0, 'model__subsample': 1.0}",0.5635001219009863,0.496414909633321,0.807092827238848,0.6223359529243851,0.13348266649291238,2,1.0,1.0,0.9999999999999999,1.0,6.409875621278546e-17
0.6029822031656901,0.12674654794358337,0.029694398244222004,0.00774839654384416,0.8,0.03,3,1,700,1.0,1.0,"{'model__colsample_bytree': 0.8, 'model__learning_rate': 0.03, 'model__max_depth': 3, 'model__min_child_weight': 1, 'model__n_estimators': 700, 'model__reg_lambda': 1.0, 'model__subsample': 1.0}",0.5370548949413312,0.48434285937042554,0.8297030927448885,0.6170336156855484,0.15191196908742244,3,1.0,1.0,0.9999999999999999,1.0,6.409875621278546e-17
0.5899184544881185,0.04286876896195545,0.06444327036539714,0.03809711471894488,0.8,0.03,3,1,200,1.0,1.0,"{'model__colsample_bytree': 0.8, 'model__learning_rate': 0.03, 'model__max_depth': 3, 'model__min_child_weight': 1, 'model__n_estimators': 200, 'model__reg_lambda': 1.0, 'model__subsample': 1.0}",0.48729371114765335,0.5364735922459966,0.7852197433190495,0.6029956822375665,0.13040672657493005,4,1.0000000000000002,0.9980764678030303,0.9770894179617611,0.9917219619215972,0.010376528034642972
0.4607079029083252,0.09237820884828342,0.06125036875406901,0.01773962380317395,0.8,0.07,3,1,400,1.0,1.0,"{'model__colsample_bytree': 0.8, 'model__learning_rate': 0.07, 'model__max_depth': 3, 'model__min_child_weight': 1, 'model__n_estimators': 400, 'model__reg_lambda': 1.0, 'model__subsample': 1.0}",0.5405511870718056,0.4498868787295587,0.8079110755047125,0.5994497137686923,0.15198050029399915,5,1.0,1.0,1.0,1.0,0.0
0.4705202579498291,0.06390055207008252,0.025788545608520508,0.0036121902550584513,0.8,0.03,3,1,400,5.0,1.0,"{'model__colsample_bytree': 0.8, 'model__learning_rate': 0.03, 'model__max_depth': 3, 'model__min_child_weight': 1, 'model__n_estimators': 400, 'model__reg_lambda': 5.0, 'model__subsample': 1.0}",0.45075194362778853,0.5226597027064317,0.8059128884722282,0.5931081782688161,0.15331245865333687,6,1.0,1.0,1.0,1.0,0.0
0.7896202405293783,0.29196867048576186,0.0954744021097819,0.09409653610658535,0.8,0.03,3,1,700,5.0,1.0,"{'model__colsample_bytree': 0.8, 'model__learning_rate': 0.03, 'model__max_depth': 3, 'model__min_child_weight': 1, 'model__n_estimators': 700, 'model__reg_lambda': 5.0, 'model__subsample': 1.0}",0.47591478225571476,0.4754605305944246,0.8209117316960455,0.5907623481820616,0.16274029543015883,7,1.0000000000000002,1.0,0.9999999999999999,1.0,1.4332917616497527e-16
0.5980212688446045,0.14425022048546984,0.03694470723470052,0.012549318247931224,0.8,0.07,3,1,700,1.0,1.0,"{'model__colsample_bytree': 0.8, 'model__learning_rate': 0.07, 'model__max_depth': 3, 'model__min_child_weight': 1, 'model__n_estimators': 700, 'model__reg_lambda': 1.0, 'model__subsample': 1.0}",0.5288574820867441,0.44052978515086094,0.8023505154457536,0.5905792608944529,0.15402541717126467,8,1.0,1.0,1.0,1.0,0.0
0.18646685282389322,0.04853291253531182,0.016902764638264973,0.001157282478603527,0.8,0.07,3,5,200,1.0,1.0,"{'model__colsample_bytree': 0.8, 'model__learning_rate': 0.07, 'model__max_depth': 3, 'model__min_child_weight': 5, 'model__n_estimators': 200, 'model__reg_lambda': 1.0, 'model__subsample': 1.0}",0.5301485163334833,0.48643768512189567,0.7544470986860681,0.5903444333804823,0.11740222247072894,9,1.0,1.0,1.0,1.0,0.0
1.1131772994995117,0.34447164767990973,0.04704904556274414,0.011040371319464698,0.8,0.03,5,1,700,5.0,1.0,"{'model__colsample_bytree': 0.8, 'model__learning_rate': 0.03, 'model__max_depth': 5, 'model__min_child_weight': 1, 'model__n_estimators': 700, 'model__reg_lambda': 5.0, 'model__subsample': 1.0}",0.4977923771847921,0.4569864270065674,0.8152132724866643,0.5899973588926746,0.1601206569943814,10,1.0,1.0,0.9999999999999999,1.0,6.409875621278546e-17
0.8843235969543457,0.2145622401598975,0.02560138702392578,0.003633026663238576,0.8,0.03,5,1,700,1.0,1.0,"{'model__colsample_bytree': 0.8, 'model__learning_rate': 0.03, 'model__max_depth': 5, 'model__min_child_weight': 1, 'model__n_estimators': 700, 'model__reg_lambda': 1.0, 'model__subsample': 1.0}",0.46331422377765086,0.49217393265978865,0.8130704821494297,0.5895195461956231,0.1585128521047166,11,1.0,1.0,1.0,1.0,0.0
0.8847484588623047,0.1758240339462808,0.118683656056722,0.05246412125968515,0.8,0.03,3,5,400,1.0,1.0,"{'model__colsample_bytree': 0.8, 'model__learning_rate': 0.03, 'model__max_depth': 3, 'model__min_child_weight': 5, 'model__n_estimators': 400, 'model__reg_lambda': 1.0, 'model__subsample': 1.0}",0.5186360242544912,0.47525504273420416,0.7706689677616667,0.5881866782501207,0.13024417294309856,12,1.0,1.0,0.9989784205693297,0.9996594735231099,0.0004815771619650945
0.7367149988810221,0.1330974010907916,0.0326234499613444,0.008981217900734136,0.8,0.03,5,1,400,1.0,1.0,"{'model__colsample_bytree': 0.8, 'model__learning_rate': 0.03, 'model__max_depth': 5, 'model__min_child_weight': 1, 'model__n_estimators': 400, 'model__reg_lambda': 1.0, 'model__subsample': 1.0}",0.46245412942072717,0.5018753683398656,0.798475474268036,0.5876016573428763,0.14997629483337088,13,1.0,1.0,0.9999999999999999,1.0,6.409875621278546e-17
0.3815760612487793,0.06086524400452358,0.06278594334920247,0.033900881679805726,0.8,0.07,3,1,200,5.0,1.0,"{'model__colsample_bytree': 0.8, 'model__learning_rate': 0.07, 'model__max_depth': 3, 'model__min_child_weight': 1, 'model__n_estimators': 200, 'model__reg_lambda': 5.0, 'model__subsample': 1.0}",0.46621774790393056,0.47799765957788753,0.8168202803006726,0.5870118959274969,0.16257021401211744,14,1.0,1.0,0.9999999999999999,1.0,6.409875621278546e-17
0.48354069391886395,0.13868421633380976,0.0261227289835612,0.0033801128438765743,0.8,0.03,5,5,400,1.0,1.0,"{'model__colsample_bytree': 0.8, 'model__learning_rate': 0.03, 'model__max_depth': 5, 'model__min_child_weight': 5, 'model__n_estimators': 400, 'model__reg_lambda': 1.0, 'model__subsample': 1.0}",0.4646335404499421,0.49537214722340656,0.7908162624364896,0.5836073167032795,0.1470552637174083,15,1.0000000000000002,1.0,0.9999999999999999,1.0,1.4332917616497527e-16
0.80148712793986,0.2276886612736911,0.028156598409016926,0.0041173808756705885,0.8,0.03,5,1,400,5.0,1.0,"{'model__colsample_bytree': 0.8, 'model__learning_rate': 0.03, 'model__max_depth': 5, 'model__min_child_weight': 1, 'model__n_estimators': 400, 'model__reg_lambda': 5.0, 'model__subsample': 1.0}",0.4608950654522185,0.48311842055793663,0.804845193983481,0.582952893331212,0.15716363912518358,16,1.0,1.0,1.0,1.0,0.0
0.6182223955790201,0.09115768532194865,0.04813138643900553,0.018080254521375242,0.8,0.03,5,1,200,1.0,1.0,"{'model__colsample_bytree': 0.8, 'model__learning_rate': 0.03, 'model__max_depth': 5, 'model__min_child_weight': 1, 'model__n_estimators': 200, 'model__reg_lambda': 1.0, 'model__subsample': 1.0}",0.42975201815513564,0.5514156316288956,0.7668454111259495,0.582671020303327,0.13938116416751156,17,1.0,1.0,0.9999999999999999,1.0,6.409875621278546e-17
0.5104373296101888,0.09872443340223781,0.04738434155782064,0.02346788625871784,0.8,0.07,3,1,400,5.0,1.0,"{'model__colsample_bytree': 0.8, 'model__learning_rate': 0.07, 'model__max_depth': 3, 'model__min_child_weight': 1, 'model__n_estimators': 400, 'model__reg_lambda': 5.0, 'model__subsample': 1.0}",0.484096971914069,0.42698069218489026,0.8368530184319658,0.5826435608436417,0.18125930522879447,18,1.0,1.0,1.0,1.0,0.0
0.3623799482981364,0.09649815833736916,0.020681460698445637,0.0022050169868313586,0.8,0.07,5,1,200,5.0,1.0,"{'model__colsample_bytree': 0.8, 'model__learning_rate': 0.07, 'model__max_depth': 5, 'model__min_child_weight': 1, 'model__n_estimators': 200, 'model__reg_lambda': 5.0, 'model__subsample': 1.0}",0.4105984485011313,0.528765311611067,0.8056888970675453,0.5816842190599145,0.1655786292798426,19,1.0,1.0,1.0,1.0,0.0
0.2811831633249919,0.08729977242670972,0.023254235585530598,0.003192741102817503,0.8,0.07,5,5,200,1.0,1.0,"{'model__colsample_bytree': 0.8, 'model__learning_rate': 0.07, 'model__max_depth': 5, 'model__min_child_weight': 5, 'model__n_estimators': 200, 'model__reg_lambda': 1.0, 'model__subsample': 1.0}",0.4555903885904408,0.4751241090654408,0.8042590608527931,0.5783245195028915,0.15995875362134584,20,1.0,1.0,1.0,1.0,0.0
0.6376566092173258,0.1776325486625925,0.031823158264160156,0.00803964504339701,0.8,0.07,5,1,400,5.0,1.0,"{'model__colsample_bytree': 0.8, 'model__learning_rate': 0.07, 'model__max_depth': 5, 'model__min_child_weight': 1, 'model__n_estimators': 400, 'model__reg_lambda': 5.0, 'model__subsample': 1.0}",0.4564855570494668,0.4543362209483674,0.8206849201805342,0.5771688993927895,0.1721940653190306,21,1.0,1.0,1.0,1.0,0.0
0.3233249982198079,0.07892006687284686,0.01983960469563802,0.004870808119289014,0.8,0.07,5,1,200,1.0,1.0,"{'model__colsample_bytree': 0.8, 'model__learning_rate': 0.07, 'model__max_depth': 5, 'model__min_child_weight': 1, 'model__n_estimators': 200, 'model__reg_lambda': 1.0, 'model__subsample': 1.0}",0.48587918512749234,0.47146572927861846,0.7738665866035702,0.5770705003365603,0.1392802010454373,22,1.0,1.0,1.0,1.0,0.0
0.44338186581929523,0.155830278302499,0.024847745895385742,0.005699783492686775,0.8,0.07,5,1,400,1.0,1.0,"{'model__colsample_bytree': 0.8, 'model__learning_rate': 0.07, 'model__max_depth': 5, 'model__min_child_weight': 1, 'model__n_estimators': 400, 'model__reg_lambda': 1.0, 'model__subsample': 1.0}",0.5199364426051798,0.4384290167468479,0.7716316289353756,0.5766656960958011,0.14182066455801842,23,1.0,1.0,0.9999999999999999,1.0,6.409875621278546e-17
0.5384607315063477,0.11689431597447195,0.025849660237630207,0.004282744011505521,0.8,0.03,5,1,200,5.0,1.0,"{'model__colsample_bytree': 0.8, 'model__learning_rate': 0.03, 'model__max_depth': 5, 'model__min_child_weight': 1, 'model__n_estimators': 200, 'model__reg_lambda': 5.0, 'model__subsample': 1.0}",0.3974122446119255,0.5573705745998526,0.766387047879296,0.5737232890303581,0.15107649235510454,24,1.0,1.0,1.0,1.0,0.0
0.570983091990153,0.1255087251034079,0.022345701853434246,0.0016234365018390922,0.8,0.07,3,1,700,5.0,1.0,"{'model__colsample_bytree': 0.8, 'model__learning_rate': 0.07, 'model__max_depth': 3, 'model__min_child_weight': 1, 'model__n_estimators': 700, 'model__reg_lambda': 5.0, 'model__subsample': 1.0}",0.45338376008031384,0.42526445532530727,0.8386834766793729,0.5724438973616647,0.18860948901796878,25,1.0000000000000002,1.0,1.0,1.0,1.2819751242557092e-16
0.3346913655598958,0.09680046589785353,0.022214253743489582,0.0047321620858989735,0.8,0.03,5,5,200,1.0,1.0,"{'model__colsample_bytree': 0.8, 'model__learning_rate': 0.03, 'model__max_depth': 5, 'model__min_child_weight': 5, 'model__n_estimators': 200, 'model__reg_lambda': 1.0, 'model__subsample': 1.0}",0.44961229676793324,0.5112594978895765,0.7497031253362951,0.570191639997935,0.12940472525587132,26,1.0,1.0,1.0,1.0,0.0
0.5506253242492676,0.11807590396244226,0.05279699961344401,0.008173894786403305,0.8,0.07,5,5,400,1.0,1.0,"{'model__colsample_bytree': 0.8, 'model__learning_rate': 0.07, 'model__max_depth': 5, 'model__min_child_weight': 5, 'model__n_estimators': 400, 'model__reg_lambda': 1.0, 'model__subsample': 1.0}",0.44512451833880406,0.46866075600552715,0.7864849409450178,0.566756738429783,0.1556681317339511,27,1.0,1.0,1.0,1.0,0.0
0.34386134147644043,0.1229907006526814,0.03938023249308268,0.024285420790078574,0.8,0.07,5,5,200,5.0,1.0,"{'model__colsample_bytree': 0.8, 'model__learning_rate': 0.07, 'model__max_depth': 5, 'model__min_child_weight': 5, 'model__n_estimators': 200, 'model__reg_lambda': 5.0, 'model__subsample': 1.0}",0.4477584222844522,0.4725116577322459,0.7755506141294201,0.5652735647153727,0.1490313362998797,28,1.0000000000000002,1.0,0.9999999999999999,1.0,1.4332917616497527e-16
0.3330121835072835,0.067808947163431,0.017356157302856445,0.0018073298018855375,0.8,0.07,3,5,400,1.0,1.0,"{'model__colsample_bytree': 0.8, 'model__learning_rate': 0.07, 'model__max_depth': 3, 'model__min_child_weight': 5, 'model__n_estimators': 400, 'model__reg_lambda': 1.0, 'model__subsample': 1.0}",0.49329428673121717,0.4418531836266214,0.760645036760325,0.5652641690393879,0.13974216585243499,29,1.0,1.0,1.0,1.0,0.0
0.26364938418070477,0.04784092867959027,0.05693173408508301,0.0397952226758184,0.8,0.03,3,5,200,1.0,1.0,"{'model__colsample_bytree': 0.8, 'model__learning_rate': 0.03, 'model__max_depth': 3, 'model__min_child_weight': 5, 'model__n_estimators': 200, 'model__reg_lambda': 1.0, 'model__subsample': 1.0}",0.4760347347768657,0.5275571338773586,0.6916464984242988,0.565079455692841,0.09193494668009408,30,1.0,0.9970684032869013,0.9668730570562185,0.9879804867810399,0.01497311495121103
0.6408367156982422,0.17794664301778784,0.026566346486409504,0.0017761582948266185,0.8,0.07,5,1,700,1.0,1.0,"{'model__colsample_bytree': 0.8, 'model__learning_rate': 0.07, 'model__max_depth': 5, 'model__min_child_weight': 1, 'model__n_estimators': 700, 'model__reg_lambda': 1.0, 'model__subsample': 1.0}",0.48490004879061777,0.44313495146828474,0.7652079231624245,0.564414307807109,0.1430026522229099,31,1.0,1.0,1.0,1.0,0.0
0.6340216795603434,0.1059525086908184,0.024306297302246094,0.0017137832285972815,0.8,0.03,3,5,700,1.0,1.0,"{'model__colsample_bytree': 0.8, 'model__learning_rate': 0.03, 'model__max_depth': 3, 'model__min_child_weight': 5, 'model__n_estimators': 700, 'model__reg_lambda': 1.0, 'model__subsample': 1.0}",0.4885730827110037,0.4165961380160901,0.7877809972226,0.5643167393165646,0.16072207079930453,32,1.0,1.0,1.0,1.0,0.0
0.4106549421946208,0.11254054815707235,0.031507015228271484,0.005415249313959455,0.8,0.03,5,5,200,5.0,1.0,"{'model__colsample_bytree': 0.8, 'model__learning_rate': 0.03, 'model__max_depth': 5, 'model__min_child_weight': 5, 'model__n_estimators': 200, 'model__reg_lambda': 5.0, 'model__subsample': 1.0}",0.43439040558164316,0.5261199976572144,0.7261907625002861,0.5622337219130479,0.12183325458505884,33,1.0,1.0,0.9989784205693297,0.9996594735231099,0.0004815771619650945
0.810060977935791,0.2834124339981775,0.04647596677144369,0.007567927970917035,0.8,0.07,5,1,700,5.0,1.0,"{'model__colsample_bytree': 0.8, 'model__learning_rate': 0.07, 'model__max_depth': 5, 'model__min_child_weight': 1, 'model__n_estimators': 700, 'model__reg_lambda': 5.0, 'model__subsample': 1.0}",0.4201835649794779,0.45052806362658054,0.807184722292371,0.5592987836328098,0.175719048651315,34,1.0000000000000002,1.0,0.9999999999999999,1.0,1.4332917616497527e-16
0.5568506717681885,0.12792312357641922,0.02862103780110677,0.007355848334241999,0.8,0.07,5,5,700,5.0,1.0,"{'model__colsample_bytree': 0.8, 'model__learning_rate': 0.07, 'model__max_depth': 5, 'model__min_child_weight': 5, 'model__n_estimators': 700, 'model__reg_lambda': 5.0, 'model__subsample': 1.0}",0.4661973956734719,0.4299205018353779,0.7779036727590161,0.5580071900892886,0.15619400452540508,35,1.0,1.0,1.0,1.0,0.0
0.900245745976766,0.33196149193019797,0.09921820958455403,0.040741453301225514,0.8,0.03,5,5,700,1.0,1.0,"{'model__colsample_bytree': 0.8, 'model__learning_rate': 0.03, 'model__max_depth': 5, 'model__min_child_weight': 5, 'model__n_estimators': 700, 'model__reg_lambda': 1.0, 'model__subsample': 1.0}",0.45180344865218813,0.44267555260508595,0.7788274293516355,0.5577688102029699,0.15635646121709154,36,1.0,1.0,1.0,1.0,0.0
0.6930627028147379,0.2619214632263986,0.06481671333312988,0.03278735130128347,0.8,0.03,5,5,700,1.0,0.8,"{'model__colsample_bytree': 0.8, 'model__learning_rate': 0.03, 'model__max_depth': 5, 'model__min_child_weight': 5, 'model__n_estimators': 700, 'model__reg_lambda': 1.0, 'model__subsample': 0.8}",0.4595086473648339,0.4118163086913087,0.8012207760563025,0.5575152440374816,0.1734222775856088,37,1.0,1.0,0.9999999999999999,1.0,6.409875621278546e-17
0.489785114924113,0.09025896422221788,0.044478257497151695,0.003237733739880668,0.8,0.03,3,5,200,5.0,1.0,"{'model__colsample_bytree': 0.8, 'model__learning_rate': 0.03, 'model__max_depth': 3, 'model__min_child_weight': 5, 'model__n_estimators': 200, 'model__reg_lambda': 5.0, 'model__subsample': 1.0}",0.44132825464593006,0.5075618855056497,0.7194111634170113,0.5561004345228637,0.11860162756940769,38,1.0,0.9960267366202346,0.9560227308740128,0.9840164891647492,0.0198609261768155
0.44817956288655597,0.13378025392601237,0.03314065933227539,0.007395753749277359,0.8,0.07,3,5,700,1.0,1.0,"{'model__colsample_bytree': 0.8, 'model__learning_rate': 0.07, 'model__max_depth': 3, 'model__min_child_weight': 5, 'model__n_estimators': 700, 'model__reg_lambda': 1.0, 'model__subsample': 1.0}",0.47388859756509216,0.4554721819435016,0.7380281180297736,0.5557962991794558,0.12907650946165763,39,1.0,1.0,1.0,1.0,0.0
1.0719024340311687,0.22196224498244405,0.08675622940063477,0.01346593806481777,0.8,0.03,5,5,700,5.0,1.0,"{'model__colsample_bytree': 0.8, 'model__learning_rate': 0.03, 'model__max_depth': 5, 'model__min_child_weight': 5, 'model__n_estimators': 700, 'model__reg_lambda': 5.0, 'model__subsample': 1.0}",0.4389758586698665,0.4408236026095569,0.7865446905297937,0.5554480506030723,0.16341174229224814,40,1.0,1.0,1.0,1.0,0.0
0.5319674809773763,0.1473430704854901,0.027035236358642578,0.007294563567160294,0.8,0.03,5,5,400,5.0,1.0,"{'model__colsample_bytree': 0.8, 'model__learning_rate': 0.03, 'model__max_depth': 5, 'model__min_child_weight': 5, 'model__n_estimators': 400, 'model__reg_lambda': 5.0, 'model__subsample': 1.0}",0.4349326883622021,0.4682792040538283,0.7615142505053504,0.554908714307127,0.14672510173338787,41,1.0,1.0,1.0,1.0,0.0
0.6672243277231852,0.13531451088505342,0.04013323783874512,0.0070074615069633805,0.8,0.07,5,5,700,1.0,1.0,"{'model__colsample_bytree': 0.8, 'model__learning_rate': 0.07, 'model__max_depth': 5, 'model__min_child_weight': 5, 'model__n_estimators': 700, 'model__reg_lambda': 1.0, 'model__subsample': 1.0}",0.4146134834799431,0.468232088243394,0.7771150027394849,0.5533201914876074,0.15975361623792728,42,1.0,1.0,1.0,1.0,0.0
0.4279630184173584,0.050128008816135515,0.06441028912862141,0.04608640075207759,0.8,0.03,3,1,200,5.0,1.0,"{'model__colsample_bytree': 0.8, 'model__learning_rate': 0.03, 'model__max_depth': 3, 'model__min_child_weight': 1, 'model__n_estimators': 200, 'model__reg_lambda': 5.0, 'model__subsample': 1.0}",0.3701438547718604,0.5072318316655126,0.7784365434254988,0.5519374099542906,0.16965587021891262,43,1.0,0.9981617647058824,0.9578248744971449,0.9853288797343424,0.019462742275348825
0.2922414143880208,0.07118113622211536,0.01991407076517741,0.002803624781215937,0.8,0.07,3,5,400,5.0,1.0,"{'model__colsample_bytree': 0.8, 'model__learning_rate': 0.07, 'model__max_depth': 3, 'model__min_child_weight': 5, 'model__n_estimators': 400, 'model__reg_lambda': 5.0, 'model__subsample': 1.0}",0.4841492059701207,0.3812728137177389,0.7860865758265041,0.5505028651714546,0.17179571505175956,44,1.0,1.0,1.0,1.0,0.0
0.20235355695088705,0.04574805293519142,0.019118070602416992,0.003944315870499307,0.8,0.07,3,5,200,5.0,1.0,"{'model__colsample_bytree': 0.8, 'model__learning_rate': 0.07, 'model__max_depth': 3, 'model__min_child_weight': 5, 'model__n_estimators': 200, 'model__reg_lambda': 5.0, 'model__subsample': 1.0}",0.47610749396150903,0.39675864755406004,0.7768782950578084,0.5499148121911258,0.16372411097693057,45,1.0,1.0,1.0,1.0,0.0
0.54660964012146,0.06749635809708668,0.03975764910380045,0.00674951427125787,0.8,0.03,3,5,400,5.0,1.0,"{'model__colsample_bytree': 0.8, 'model__learning_rate': 0.03, 'model__max_depth': 3, 'model__min_child_weight': 5, 'model__n_estimators': 400, 'model__reg_lambda': 5.0, 'model__subsample': 1.0}",0.44579410979270345,0.4449177444159866,0.7520448846598272,0.5475855796228392,0.14457500375520083,46,1.0,1.0,0.9999999999999999,1.0,6.409875621278546e-17
0.5221645832061768,0.12062849153608815,0.03824202219645182,0.012043910452776432,0.8,0.03,5,5,400,1.0,0.8,"{'model__colsample_bytree': 0.8, 'model__learning_rate': 0.03, 'model__max_depth': 5, 'model__min_child_weight': 5, 'model__n_estimators': 400, 'model__reg_lambda': 1.0, 'model__subsample': 0.8}",0.44852405528638795,0.40337970771170106,0.7878663972534774,0.5465900534171888,0.1716007160061621,47,1.0,1.0,1.0,1.0,0.0
0.5940739313761393,0.20072643894263834,0.04305656750996908,0.012016428538530096,0.8,0.07,5,1,400,5.0,0.8,"{'model__colsample_bytree': 0.8, 'model__learning_rate': 0.07, 'model__max_depth': 5, 'model__min_child_weight': 1, 'model__n_estimators': 400, 'model__reg_lambda': 5.0, 'model__subsample': 0.8}",0.4479834052511931,0.39307403556399984,0.7966028892420548,0.5458867766857493,0.17869468662380678,48,1.0,1.0,1.0,1.0,0.0
0.2745830217997233,0.09139120844785457,0.020502408345540363,0.0038403944618582496,0.8,0.07,5,5,200,1.0,0.8,"{'model__colsample_bytree': 0.8, 'model__learning_rate': 0.07, 'model__max_depth': 5, 'model__min_child_weight': 5, 'model__n_estimators': 200, 'model__reg_lambda': 1.0, 'model__subsample': 0.8}",0.4622398730276881,0.40164661949325264,0.7698108936152416,0.5445657953787274,0.16118188753321464,49,1.0,1.0,1.0,1.0,0.0
1.0347018241882324,0.3644690885078625,0.08142677942911784,0.030257869285661945,0.8,0.03,5,5,700,5.0,0.8,"{'model__colsample_bytree': 0.8, 'model__learning_rate': 0.03, 'model__max_depth': 5, 'model__min_child_weight': 5, 'model__n_estimators': 700, 'model__reg_lambda': 5.0, 'model__subsample': 0.8}",0.4347644532350069,0.39310406499809025,0.8033219636655311,0.543730160632876,0.18434537357601577,50,1.0,1.0,1.0,1.0,0.0
0.20270888010660806,0.04139119776398248,0.019495566685994465,0.003455090396624373,0.8,0.07,3,5,200,5.0,0.8,"{'model__colsample_bytree': 0.8, 'model__learning_rate': 0.07, 'model__max_depth': 3, 'model__min_child_weight': 5, 'model__n_estimators': 200, 'model__reg_lambda': 5.0, 'model__subsample': 0.8}",0.4672155583100449,0.37674443277413067,0.7846808541252986,0.5428802817364914,0.17492263765181051,51,1.0,1.0,0.9930420479588233,0.9976806826529412,0.003280010047657866
0.5181435743967692,0.14266853425483514,0.0366822878519694,0.013333813794369653,0.8,0.03,5,5,400,5.0,0.8,"{'model__colsample_bytree': 0.8, 'model__learning_rate': 0.03, 'model__max_depth': 5, 'model__min_child_weight': 5, 'model__n_estimators': 400, 'model__reg_lambda': 5.0, 'model__subsample': 0.8}",0.43906927611111185,0.3959413744515612,0.7891495706418188,0.5413867404014973,0.1760772917630394,52,1.0,1.0,1.0,1.0,0.0
0.532707691192627,0.13070598230169297,0.05280637741088867,0.020296505951041308,0.8,0.07,5,5,400,5.0,1.0,"{'model__colsample_bytree': 0.8, 'model__learning_rate': 0.07, 'model__max_depth': 5, 'model__min_child_weight': 5, 'model__n_estimators': 400, 'model__reg_lambda': 5.0, 'model__subsample': 1.0}",0.4397990038319848,0.40919847399256315,0.7683886564886562,0.5391287114377347,0.16259190203323368,53,1.0000000000000002,1.0,1.0,1.0,1.2819751242557092e-16
0.4737096627553304,0.12811380982466547,0.022743781407674152,0.0007837745098337769,0.8,0.07,3,5,700,5.0,1.0,"{'model__colsample_bytree': 0.8, 'model__learning_rate': 0.07, 'model__max_depth': 3, 'model__min_child_weight': 5, 'model__n_estimators': 700, 'model__reg_lambda': 5.0, 'model__subsample': 1.0}",0.46132141298189533,0.38392777422382685,0.7713582756495128,0.5388691542850783,0.16740338008267863,54,1.0,1.0,1.0,1.0,0.0
0.5880266825358073,0.12718073718158843,0.025524695714314777,0.003765258422103842,0.8,0.07,3,1,700,5.0,0.8,"{'model__colsample_bytree': 0.8, 'model__learning_rate': 0.07, 'model__max_depth': 3, 'model__min_child_weight': 1, 'model__n_estimators': 700, 'model__reg_lambda': 5.0, 'model__subsample': 0.8}",0.4425857099947835,0.3797709190488996,0.7939367147700936,0.5387644479379256,0.18224724746086776,55,1.0,1.0,1.0,1.0,0.0
0.5367397467295328,0.13658098339612781,0.04059028625488281,0.01137817153373069,0.8,0.07,3,1,400,5.0,0.8,"{'model__colsample_bytree': 0.8, 'model__learning_rate': 0.07, 'model__max_depth': 3, 'model__min_child_weight': 1, 'model__n_estimators': 400, 'model__reg_lambda': 5.0, 'model__subsample': 0.8}",0.4341201573869641,0.38169789547756244,0.792128957149882,0.5359823366714694,0.18238300683416825,56,1.0,1.0,1.0,1.0,0.0
0.3304293950398763,0.06498862880163032,0.018558263778686523,0.0007533574644015045,0.8,0.07,3,5,400,5.0,0.8,"{'model__colsample_bytree': 0.8, 'model__learning_rate': 0.07, 'model__max_depth': 3, 'model__min_child_weight': 5, 'model__n_estimators': 400, 'model__reg_lambda': 5.0, 'model__subsample': 0.8}",0.44450203692953427,0.37906322409798077,0.783537135505181,0.535700798844232,0.17727134922361296,57,1.0,1.0,1.0,1.0,0.0
0.6226250330607096,0.16774854887437987,0.034660657246907554,0.007647863460718515,0.8,0.07,3,1,700,1.0,0.8,"{'model__colsample_bytree': 0.8, 'model__learning_rate': 0.07, 'model__max_depth': 3, 'model__min_child_weight': 1, 'model__n_estimators': 700, 'model__reg_lambda': 1.0, 'model__subsample': 0.8}",0.4146628439561507,0.39233758219186093,0.7945336940950978,0.5338447067477031,0.18456013549584785,58,1.0,1.0,0.9999999999999999,1.0,6.409875621278546e-17
0.7505540053049723,0.29852763557084155,0.062289158503214516,0.029929106476922734,0.8,0.03,3,5,700,5.0,1.0,"{'model__colsample_bytree': 0.8, 'model__learning_rate': 0.03, 'model__max_depth': 3, 'model__min_child_weight': 5, 'model__n_estimators': 700, 'model__reg_lambda': 5.0, 'model__subsample': 1.0}",0.454139052681593,0.3800674102185353,0.7662454749148299,0.5334839792716527,0.16734213943262138,59,1.0,1.0,0.9999999999999999,1.0,6.409875621278546e-17
0.4783746401468913,0.14308644263918466,0.10006173451741536,0.06992801347926471,0.8,0.07,5,5,400,1.0,0.8,"{'model__colsample_bytree': 0.8, 'model__learning_rate': 0.07, 'model__max_depth': 5, 'model__min_child_weight': 5, 'model__n_estimators': 400, 'model__reg_lambda': 1.0, 'model__subsample': 0.8}",0.4516242848826205,0.4007059432404392,0.7449576698480207,0.5324292993236934,0.15171113030403485,60,1.0,1.0,0.9999999999999999,1.0,6.409875621278546e-17
0.3048618634541829,0.07189817746112964,0.0379486878712972,0.02192812027895126,0.8,0.07,5,5,200,5.0,0.8,"{'model__colsample_bytree': 0.8, 'model__learning_rate': 0.07, 'model__max_depth': 5, 'model__min_child_weight': 5, 'model__n_estimators': 200, 'model__reg_lambda': 5.0, 'model__subsample': 0.8}",0.3899172156375037,0.4017277135009693,0.8029321345142602,0.5315256878842444,0.19197389825910263,61,1.0,1.0,0.9999999999999999,1.0,6.409875621278546e-17
0.49326062202453613,0.14587483978244653,0.04789439837137858,0.013854110939471498,0.8,0.07,3,5,700,5.0,0.8,"{'model__colsample_bytree': 0.8, 'model__learning_rate': 0.07, 'model__max_depth': 3, 'model__min_child_weight': 5, 'model__n_estimators': 700, 'model__reg_lambda': 5.0, 'model__subsample': 0.8}",0.45336460263923006,0.38091018401213644,0.7602440059598915,0.5315062642037526,0.16442450460605737,62,1.0,1.0,1.0,1.0,0.0
0.7572441895802816,0.23336440869587344,0.0494078000386556,0.017234419785675636,0.8,0.07,5,1,700,5.0,0.8,"{'model__colsample_bytree': 0.8, 'model__learning_rate': 0.07, 'model__max_depth': 5, 'model__min_child_weight': 1, 'model__n_estimators': 700, 'model__reg_lambda': 5.0, 'model__subsample': 0.8}",0.41001232991436665,0.3910113280874548,0.793009719325509,0.5313444591091102,0.18518781605115273,63,1.0,1.0,1.0,1.0,0.0
0.33223605155944824,0.09347128066851106,0.022667725880940754,0.0026665782158421364,0.8,0.07,5,1,200,1.0,0.8,"{'model__colsample_bytree': 0.8, 'model__learning_rate': 0.07, 'model__max_depth': 5, 'model__min_child_weight': 1, 'model__n_estimators': 200, 'model__reg_lambda': 1.0, 'model__subsample': 0.8}",0.4333777920008992,0.3949151031226234,0.7648000412677797,0.5310309787971007,0.16604382059213946,64,1.0,1.0,0.9999999999999999,1.0,6.409875621278546e-17
0.32251572608947754,0.08712836142043205,0.02006697654724121,0.001066390007338823,0.8,0.03,5,5,200,1.0,0.8,"{'model__colsample_bytree': 0.8, 'model__learning_rate': 0.03, 'model__max_depth': 5, 'model__min_child_weight': 5, 'model__n_estimators': 200, 'model__reg_lambda': 1.0, 'model__subsample': 0.8}",0.3815302928285363,0.4381764710077963,0.7725261479270362,0.5307443039211229,0.17252254431185501,65,1.0,1.0,0.9979087538019884,0.9993029179339962,0.0009858229118297243
0.428343931833903,0.1337224631079799,0.027579704920450848,0.0036459140842735236,0.8,0.07,5,1,400,1.0,0.8,"{'model__colsample_bytree': 0.8, 'model__learning_rate': 0.07, 'model__max_depth': 5, 'model__min_child_weight': 1, 'model__n_estimators': 400, 'model__reg_lambda': 1.0, 'model__subsample': 0.8}",0.43302643550791564,0.37973750333562295,0.7750426912707615,0.5292688767047667,0.1751447087748791,66,1.0,1.0,1.0,1.0,0.0
0.5054770310719808,0.09653372329793414,0.02786103884379069,0.00653460145227683,0.8,0.07,3,1,400,1.0,0.8,"{'model__colsample_bytree': 0.8, 'model__learning_rate': 0.07, 'model__max_depth': 3, 'model__min_child_weight': 1, 'model__n_estimators': 400, 'model__reg_lambda': 1.0, 'model__subsample': 0.8}",0.42135979718898675,0.39256494092084687,0.7693049196416322,0.5277432192504886,0.17121395437438536,67,1.0,1.0,0.9999999999999999,1.0,6.409875621278546e-17
0.4257057507832845,0.14068053415916512,0.023868242899576824,0.005230540045649615,0.8,0.07,3,5,700,1.0,0.8,"{'model__colsample_bytree': 0.8, 'model__learning_rate': 0.07, 'model__max_depth': 3, 'model__min_child_weight': 5, 'model__n_estimators': 700, 'model__reg_lambda': 1.0, 'model__subsample': 0.8}",0.46137420570953336,0.3895219580224165,0.7296592600022639,0.5268518079114046,0.14637584805814638,68,1.0,1.0,0.9999999999999999,1.0,6.409875621278546e-17
0.6841134230295817,0.1962603042742275,0.06922531127929688,0.029191098618300493,0.8,0.07,5,5,700,1.0,0.8,"{'model__colsample_bytree': 0.8, 'model__learning_rate': 0.07, 'model__max_depth': 5, 'model__min_child_weight': 5, 'model__n_estimators': 700, 'model__reg_lambda': 1.0, 'model__subsample': 0.8}",0.4439286897310234,0.40192461623340175,0.7343936703252113,0.5267489920965455,0.14782494116378112,69,1.0,1.0,1.0,1.0,0.0
0.6841092109680176,0.2064866861056844,0.044801950454711914,0.011410878637966037,0.8,0.07,5,1,700,1.0,0.8,"{'model__colsample_bytree': 0.8, 'model__learning_rate': 0.07, 'model__max_depth': 5, 'model__min_child_weight': 1, 'model__n_estimators': 700, 'model__reg_lambda': 1.0, 'model__subsample': 0.8}",0.4176926034911873,0.3976368233891492,0.7634951075978436,0.52627484482606,0.1679397677363541,70,1.0,1.0,1.0,1.0,0.0
0.19405404726664224,0.04148201965349723,0.02070458730061849,0.002983884571875923,0.8,0.07,3,5,200,1.0,0.8,"{'model__colsample_bytree': 0.8, 'model__learning_rate': 0.07, 'model__max_depth': 3, 'model__min_child_weight': 5, 'model__n_estimators': 200, 'model__reg_lambda': 1.0, 'model__subsample': 0.8}",0.4107415560588935,0.3922140267421915,0.775237157980223,0.5260642469271026,0.17635413621018356,71,1.0,1.0,1.0,1.0,0.0
0.6439539591471354,0.14220253157904342,0.023507436116536457,0.0023775076666366418,0.8,0.03,3,1,700,5.0,0.8,"{'model__colsample_bytree': 0.8, 'model__learning_rate': 0.03, 'model__max_depth': 3, 'model__min_child_weight': 1, 'model__n_estimators': 700, 'model__reg_lambda': 5.0, 'model__subsample': 0.8}",0.40446940521652447,0.3697154339379501,0.8025428184741912,0.525575885876222,0.19635846632193552,72,1.0,1.0,0.9999999999999999,1.0,6.409875621278546e-17
0.3462040424346924,0.08420072395545788,0.017483313878377277,0.0007406492847833493,0.8,0.07,5,1,200,5.0,0.8,"{'model__colsample_bytree': 0.8, 'model__learning_rate': 0.07, 'model__max_depth': 5, 'model__min_child_weight': 1, 'model__n_estimators': 200, 'model__reg_lambda': 5.0, 'model__subsample': 0.8}",0.384171585300787,0.41987697487697484,0.7712697739913784,0.5251061113897134,0.17467327652944245,73,1.0,1.0,0.9999999999999999,1.0,6.409875621278546e-17
0.38770333925882977,0.12116170670654614,0.026713053385416668,0.0064924844525271605,0.8,0.07,3,1,200,5.0,0.8,"{'model__colsample_bytree': 0.8, 'model__learning_rate': 0.07, 'model__max_depth': 3, 'model__min_child_weight': 1, 'model__n_estimators': 200, 'model__reg_lambda': 5.0, 'model__subsample': 0.8}",0.41896676717292125,0.39334324946121985,0.7627543423312819,0.5250214529884744,0.16842770194050655,74,1.0,1.0,1.0,1.0,0.0
0.9149315357208252,0.2318603331970018,0.03354668617248535,0.007905912032458773,0.8,0.03,5,1,700,1.0,0.8,"{'model__colsample_bytree': 0.8, 'model__learning_rate': 0.03, 'model__max_depth': 5, 'model__min_child_weight': 1, 'model__n_estimators': 700, 'model__reg_lambda': 1.0, 'model__subsample': 0.8}",0.4243208032810678,0.38612965931093024,0.7612867404426376,0.5239124010115451,0.1685715943542437,75,1.0,1.0,0.9999999999999999,1.0,6.409875621278546e-17
0.3336027463277181,0.0820024556239633,0.024168888727823894,0.0055440333013921685,0.8,0.07,3,5,400,1.0,0.8,"{'model__colsample_bytree': 0.8, 'model__learning_rate': 0.07, 'model__max_depth': 3, 'model__min_child_weight': 5, 'model__n_estimators': 400, 'model__reg_lambda': 1.0, 'model__subsample': 0.8}",0.4343462177808682,0.37345909657709503,0.7634578671367844,0.5237543938315826,0.1713089348089273,76,1.0,1.0,1.0,1.0,0.0
0.4821816285451253,0.13163925185387618,0.0365594228108724,0.012707896416628527,0.8,0.07,5,5,400,5.0,0.8,"{'model__colsample_bytree': 0.8, 'model__learning_rate': 0.07, 'model__max_depth': 5, 'model__min_child_weight': 5, 'model__n_estimators': 400, 'model__reg_lambda': 5.0, 'model__subsample': 0.8}",0.40503533922255186,0.37220175905878555,0.7909835709111073,0.5227402230641482,0.19014973265771568,77,1.0,1.0,1.0,1.0,0.0
0.3602309226989746,0.09614078174566823,0.05084538459777832,0.011712468798198154,0.8,0.03,5,5,200,5.0,0.8,"{'model__colsample_bytree': 0.8, 'model__learning_rate': 0.03, 'model__max_depth': 5, 'model__min_child_weight': 5, 'model__n_estimators': 200, 'model__reg_lambda': 5.0, 'model__subsample': 0.8}",0.33476777458392026,0.46431460208806435,0.7681567015169235,0.5224130260629694,0.18163711193532903,78,1.0,1.0,0.9901524018644485,0.9967174672881495,0.004642202280032299
0.7341924508412679,0.1915990872197232,0.02911965052286784,0.005894510186997044,0.8,0.03,5,1,400,1.0,0.8,"{'model__colsample_bytree': 0.8, 'model__learning_rate': 0.03, 'model__max_depth': 5, 'model__min_child_weight': 1, 'model__n_estimators': 400, 'model__reg_lambda': 1.0, 'model__subsample': 0.8}",0.4205511338964987,0.38388668260350883,0.7597824471688308,0.5214067545562794,0.1692203664230741,79,1.0,1.0,1.0,1.0,0.0
0.6898254553476969,0.15674250149791194,0.04112545649210612,0.015651979552063492,0.8,0.07,5,5,700,5.0,0.8,"{'model__colsample_bytree': 0.8, 'model__learning_rate': 0.07, 'model__max_depth': 5, 'model__min_child_weight': 5, 'model__n_estimators': 700, 'model__reg_lambda': 5.0, 'model__subsample': 0.8}",0.4021462703494591,0.39205520752004286,0.7633825520963203,0.5191946766552741,0.1727160410839436,80,1.0,1.0,1.0,1.0,0.0
0.6322580178578695,0.15157519225952187,0.06758968035380046,0.017806277622120864,0.8,0.03,3,5,700,1.0,0.8,"{'model__colsample_bytree': 0.8, 'model__learning_rate': 0.03, 'model__max_depth': 3, 'model__min_child_weight': 5, 'model__n_estimators': 700, 'model__reg_lambda': 1.0, 'model__subsample': 0.8}",0.4048055138261177,0.3710416311088354,0.7804140574591261,0.5187537341313597,0.18553453146163026,81,1.0,1.0,1.0,1.0,0.0
0.3772287368774414,0.1366926189025813,0.04014142354329427,0.020130719699385798,0.8,0.07,3,1,200,1.0,0.8,"{'model__colsample_bytree': 0.8, 'model__learning_rate': 0.07, 'model__max_depth': 3, 'model__min_child_weight': 1, 'model__n_estimators': 200, 'model__reg_lambda': 1.0, 'model__subsample': 0.8}",0.40561548228902095,0.39181433395655746,0.74546969919805,0.5142998384812095,0.16355885037035087,82,1.0,1.0,1.0,1.0,0.0
0.6258209546407064,0.17887610067523743,0.02488096555074056,0.0035306365444121796,0.8,0.03,3,5,700,5.0,0.8,"{'model__colsample_bytree': 0.8, 'model__learning_rate': 0.03, 'model__max_depth': 3, 'model__min_child_weight': 5, 'model__n_estimators': 700, 'model__reg_lambda': 5.0, 'model__subsample': 0.8}",0.40174546363886704,0.37728877928663984,0.7571883192047233,0.5120741873767434,0.17360920783705444,83,1.0,1.0,1.0,1.0,0.0
0.9697645505269369,0.26898555728935947,0.06177059809366862,0.02919794592453373,0.8,0.03,5,1,700,5.0,0.8,"{'model__colsample_bytree': 0.8, 'model__learning_rate': 0.03, 'model__max_depth': 5, 'model__min_child_weight': 1, 'model__n_estimators': 700, 'model__reg_lambda': 5.0, 'model__subsample': 0.8}",0.3888212645167058,0.38186135789165554,0.7640730211099149,0.5115852145060921,0.17855844876447682,84,1.0,1.0,1.0,1.0,0.0
0.9280494848887125,0.2675846894373085,0.08648498853047688,0.04064586812895825,0.8,0.03,3,5,400,1.0,0.8,"{'model__colsample_bytree': 0.8, 'model__learning_rate': 0.03, 'model__max_depth': 3, 'model__min_child_weight': 5, 'model__n_estimators': 400, 'model__reg_lambda': 1.0, 'model__subsample': 0.8}",0.38137977106538445,0.36347973811802087,0.764725936611923,0.5031951485984428,0.18507452121437123,85,1.0,1.0,1.0,1.0,0.0
0.47631533940633136,0.0738464811000717,0.026452064514160156,0.004513326814233397,0.8,0.03,3,1,400,5.0,0.8,"{'model__colsample_bytree': 0.8, 'model__learning_rate': 0.03, 'model__max_depth': 3, 'model__min_child_weight': 1, 'model__n_estimators': 400, 'model__reg_lambda': 5.0, 'model__subsample': 0.8}",0.3640388326257441,0.37410223826960864,0.7609182718211815,0.49968644757217806,0.18476447626394513,86,1.0,1.0,1.0,1.0,0.0
0.7249984741210938,0.19741377758152262,0.03247793515523275,0.013640312078606463,0.8,0.03,5,1,400,5.0,0.8,"{'model__colsample_bytree': 0.8, 'model__learning_rate': 0.03, 'model__max_depth': 5, 'model__min_child_weight': 1, 'model__n_estimators': 400, 'model__reg_lambda': 5.0, 'model__subsample': 0.8}",0.362990588617909,0.3884476007124522,0.7474277439994161,0.49962197777659245,0.17553307038116014,87,1.0,1.0,1.0,1.0,0.0
0.21396827697753906,0.05513455654838986,0.016123374303181965,0.0018969710715599618,0.8,0.03,3,5,200,1.0,0.8,"{'model__colsample_bytree': 0.8, 'model__learning_rate': 0.03, 'model__max_depth': 3, 'model__min_child_weight': 5, 'model__n_estimators': 200, 'model__reg_lambda': 1.0, 'model__subsample': 0.8}",0.3443201581438803,0.4098265092390602,0.7326922935887814,0.49561298699057393,0.16976006346461736,88,1.0,0.9981617647058824,0.9872544805848558,0.995138748430246,0.005625302175144385
0.7438437143961588,0.026487210223065882,0.07218766212463379,0.013624598915829868,0.8,0.03,3,5,400,5.0,0.8,"{'model__colsample_bytree': 0.8, 'model__learning_rate': 0.03, 'model__max_depth': 3, 'model__min_child_weight': 5, 'model__n_estimators': 400, 'model__reg_lambda': 5.0, 'model__subsample': 0.8}",0.376342907350224,0.36547962744343127,0.738155376854493,0.4933259705493828,0.17317732984115422,89,1.0,1.0,0.9937104971566842,0.9979034990522281,0.0029649000738670938
0.6437657674153646,0.15126489689073422,0.027573903401692707,0.0034560984932598903,0.8,0.03,3,1,700,1.0,0.8,"{'model__colsample_bytree': 0.8, 'model__learning_rate': 0.03, 'model__max_depth': 3, 'model__min_child_weight': 1, 'model__n_estimators': 700, 'model__reg_lambda': 1.0, 'model__subsample': 0.8}",0.3788781725545576,0.3407141886678261,0.7469062482542876,0.4888328698255571,0.1831493450834423,90,1.0,1.0,1.0,1.0,0.0
0.4699331919352214,0.2237275827726829,0.044304847717285156,0.020319647961742248,0.8,0.03,3,5,200,5.0,0.8,"{'model__colsample_bytree': 0.8, 'model__learning_rate': 0.03, 'model__max_depth': 3, 'model__min_child_weight': 5, 'model__n_estimators': 200, 'model__reg_lambda': 5.0, 'model__subsample': 0.8}",0.3398237671011245,0.3819996978419904,0.7379775091729552,0.4866003247053567,0.1785825092902575,91,1.0,0.9952597607958139,0.9706950744459825,0.9886516117472653,0.012843815394123907
0.5557958285013834,0.029621839228327108,0.07152668635050456,0.05898050871418299,0.8,0.03,3,1,200,5.0,0.8,"{'model__colsample_bytree': 0.8, 'model__learning_rate': 0.03, 'model__max_depth': 3, 'model__min_child_weight': 1, 'model__n_estimators': 200, 'model__reg_lambda': 5.0, 'model__subsample': 0.8}",0.3079241062893277,0.3916544999715731,0.7302785546001883,0.476619053620363,0.1825925364202061,92,1.0,0.9981617647058824,0.9758907791610034,0.9913508479556286,0.010957647941051408
0.5589608351389567,0.10656626808792818,0.055532614390055336,0.042571908900493706,0.8,0.03,5,1,200,1.0,0.8,"{'model__colsample_bytree': 0.8, 'model__learning_rate': 0.03, 'model__max_depth': 5, 'model__min_child_weight': 1, 'model__n_estimators': 200, 'model__reg_lambda': 1.0, 'model__subsample': 0.8}",0.2861173327334665,0.415791726826586,0.7076707649509554,0.4698599415036693,0.1762939835092917,93,1.0,1.0,1.0,1.0,0.0
0.5720696449279785,0.07647294330227894,0.022333939870198567,0.0028085258583186554,0.8,0.03,3,1,400,1.0,0.8,"{'model__colsample_bytree': 0.8, 'model__learning_rate': 0.03, 'model__max_depth': 3, 'model__min_child_weight': 1, 'model__n_estimators': 400, 'model__reg_lambda': 1.0, 'model__subsample': 0.8}",0.3474988402251,0.33842089164197553,0.7129130546769745,0.46627759551468334,0.1744369792117201,94,1.0,1.0,1.0,1.0,0.0
0.5500466823577881,0.07693702468443153,0.0291292667388916,0.008478613220020189,0.8,0.03,5,1,200,5.0,0.8,"{'model__colsample_bytree': 0.8, 'model__learning_rate': 0.03, 'model__max_depth': 5, 'model__min_child_weight': 1, 'model__n_estimators': 200, 'model__reg_lambda': 5.0, 'model__subsample': 0.8}",0.26081574228355764,0.3820548657700622,0.6777819995295392,0.440217535861053,0.17512355079488992,95,1.0,1.0,0.9967862482587511,0.9989287494195837,0.0015149770995247992
0.6889684200286865,0.12143708187837456,0.06402770678202312,0.027359696948896176,0.8,0.03,3,1,200,1.0,0.8,"{'model__colsample_bytree': 0.8, 'model__learning_rate': 0.03, 'model__max_depth': 3, 'model__min_child_weight': 1, 'model__n_estimators': 200, 'model__reg_lambda': 1.0, 'model__subsample': 0.8}",0.2820290672046374,0.3546214209130535,0.6529709577465266,0.4298738152880725,0.16051306007939617,96,1.0,0.9990530303030303,0.9858039526607916,0.9949523276546074,0.006480419825512809
